Username,User Email address,Userage,User gender,Usertype,login
Username,User Email address,Userage,User gender,Usertype,login
UserName,User Email Address,User Age,User Gender,User Type,login
User Name,User Email Address,User Age,User Gender,User Type,login
a,a@gmail.com,23,Male,,YES
User Name,User Email Address,User Age,User Gender,User Type,login
harshit,harshit@gmail.com,20,Male,PY_VAR4,YES
User Name,User Email Address,User Age,User Gender,User Type,login
a,a@gmail.com,23,Male,PY_VAR4,YES
User Name,User Email Address,User Age,User Gender,User Type,login
a,a@gmail.com,2,Male,PY_VAR4,YES
User Name,User Email Address,User Age,User Gender,User Type,login
a,a@gmail.com,2,Male,PY_VAR4,YES
User Name,User Email Address,User Age,User Gender,User Type,login
a,a@gmail.com,2,Male,PY_VAR4,YES
User Name,User Email Address,User Age,User Gender,User Type,login
a,a@gmail.com,2,Male,PY_VAR4,YES
User Name,User Email Address,User Age,User Gender,User Type,login
a,a@gmail.com,2,Male,PY_VAR4,YES
